{"cameraMode":{"drawMode":0,"name":"Shaded","section":"Shading Mode"},"sceneLighting":true,"audioPlay":false,"sceneViewState":{"m_AlwaysRefresh":false,"showFog":true,"showSkybox":true,"showFlares":true,"showImageEffects":true,"showParticleSystems":true,"showVisualEffectGraphs":true,"m_FxEnabled":true},"in2DMode":false,"pivot":{"x":16.499561309814454,"y":5.1657233238220219,"z":106.26557922363281},"rotation":{"x":-0.0028673631604760887,"y":-0.9961320161819458,"z":0.02716366946697235,"w":-0.08654703199863434},"size":1.7897100448608399,"orthographic":false}