{"cameraMode":{"drawMode":0,"name":"Shaded","section":"Shading Mode"},"sceneLighting":true,"audioPlay":false,"sceneViewState":{"m_AlwaysRefresh":false,"showFog":true,"showSkybox":true,"showFlares":true,"showImageEffects":true,"showParticleSystems":true,"showVisualEffectGraphs":true,"m_FxEnabled":true},"in2DMode":false,"pivot":{"x":54.95895004272461,"y":50.34245681762695,"z":-31.078054428100587},"rotation":{"x":0.00008181314478861168,"y":0.9996659159660339,"z":-0.03331189602613449,"w":-0.00992488767951727},"size":297.21417236328127,"orthographic":false}